label_host,host_exp_in_days,host_response_rate,host_acceptance_rate,host_is_superhost,host_listings_count,host_has_profile_pic,host_identity_verified,a few days or more,unknown_host_resp_time,within a day,within a few hours,within an hour,label_host
0,2005.451079860048,97.88559814169571,93.92052373786456,0,8.016840882694542,0,0,0.0,0.0,0.0,0.0,1.0,1722
1,2373.317442593705,93.9821011673177,85.43722457211815,0,1.4111158252015275,0,0,0.0,1.0,0.0,0.0,0.0,2357
2,2699.0262274639977,98.20486197203853,93.54455490952907,1,2.7492113564668768,1,1,0.002365930599369085,0.05441640378548896,0.06861198738170347,0.1892744479495268,0.6853312302839116,1268
3,2307.2037862323623,82.06370656370656,69.75666385735786,0,3.8774131274131274,0,0,0.10617760617760617,0.0,0.4295366795366795,0.4642857142857143,0.0,1036
